{
	"@programName": "ZAP",
	"@version": "2.15.0",
	"@generated": "Sun, 1 Sep 2024 11:41:51",
	"site":[ 
		{
			"@name": "https://dummy-backend-check.onrender.com",
			"@host": "dummy-backend-check.onrender.com",
			"@port": "443",
			"@ssl": "true",
			"alerts": [ 
				{
					"pluginid": "40040",
					"alertRef": "40040",
					"alert": "CORS Misconfiguration",
					"name": "CORS Misconfiguration",
					"riskcode": "2",
					"confidence": "3",
					"riskdesc": "Medium (High)",
					"desc": "<p>This CORS misconfiguration could allow an attacker to perform AJAX queries to the vulnerable website from a malicious page loaded by the victim's user agent.</p><p>In order to perform authenticated AJAX queries, the server must specify the header \"Access-Control-Allow-Credentials: true\" and the \"Access-Control-Allow-Origin\" header must be set to null or the malicious page's domain. Even if this misconfiguration doesn't allow authenticated AJAX requests, unauthenticated sensitive content can still be accessed (e.g intranet websites).</p><p>A malicious page can belong to a malicious website but also a trusted website with flaws (e.g XSS, support of HTTP without TLS allowing code injection through MITM, etc).</p>",
					"instances":[ 
						{
							"uri": "https://dummy-backend-check.onrender.com",
							"method": "GET",
							"param": "",
							"attack": "origin: https://tsB4rucB.com",
							"evidence": "",
							"otherinfo": ""
						},
						{
							"uri": "https://dummy-backend-check.onrender.com/",
							"method": "GET",
							"param": "",
							"attack": "origin: https://tsB4rucB.com",
							"evidence": "",
							"otherinfo": ""
						},
						{
							"uri": "https://dummy-backend-check.onrender.com/me",
							"method": "GET",
							"param": "",
							"attack": "origin: https://tsB4rucB.com",
							"evidence": "",
							"otherinfo": ""
						},
						{
							"uri": "https://dummy-backend-check.onrender.com/robots.txt",
							"method": "GET",
							"param": "",
							"attack": "origin: https://tsB4rucB.com",
							"evidence": "",
							"otherinfo": ""
						},
						{
							"uri": "https://dummy-backend-check.onrender.com/sitemap.xml",
							"method": "GET",
							"param": "",
							"attack": "origin: https://tsB4rucB.com",
							"evidence": "",
							"otherinfo": ""
						}
					],
					"count": "5",
					"solution": "<p>If a web resource contains sensitive information, the origin should be properly specified in the Access-Control-Allow-Origin header. Only trusted websites needing this resource should be specified in this header, with the most secured protocol supported.</p>",
					"otherinfo": "",
					"reference": "<p>https://developer.mozilla.org/en-US/docs/Web/HTTP/CORS</p><p>https://portswigger.net/web-security/cors</p>",
					"cweid": "942",
					"wascid": "14",
					"sourceid": "323"
				},
				{
					"pluginid": "10055",
					"alertRef": "10055-4",
					"alert": "CSP: Wildcard Directive",
					"name": "CSP: Wildcard Directive",
					"riskcode": "2",
					"confidence": "3",
					"riskdesc": "Medium (High)",
					"desc": "<p>Content Security Policy (CSP) is an added layer of security that helps to detect and mitigate certain types of attacks. Including (but not limited to) Cross Site Scripting (XSS), and data injection attacks. These attacks are used for everything from data theft to site defacement or distribution of malware. CSP provides a set of standard HTTP headers that allow website owners to declare approved sources of content that browsers should be allowed to load on that page \u2014 covered types are JavaScript, CSS, HTML frames, fonts, images and embeddable objects such as Java applets, ActiveX, audio and video files.</p>",
					"instances":[ 
						{
							"uri": "https://dummy-backend-check.onrender.com/",
							"method": "GET",
							"param": "content-security-policy",
							"attack": "",
							"evidence": "default-src 'none'",
							"otherinfo": "The following directives either allow wildcard sources (or ancestors), are not defined, or are overly broadly defined:\nframe-ancestors, form-action\n\nThe directive(s): frame-ancestors, form-action are among the directives that do not fallback to default-src, missing/excluding them is the same as allowing anything."
						},
						{
							"uri": "https://dummy-backend-check.onrender.com/me",
							"method": "GET",
							"param": "content-security-policy",
							"attack": "",
							"evidence": "default-src 'none'",
							"otherinfo": "The following directives either allow wildcard sources (or ancestors), are not defined, or are overly broadly defined:\nframe-ancestors, form-action\n\nThe directive(s): frame-ancestors, form-action are among the directives that do not fallback to default-src, missing/excluding them is the same as allowing anything."
						},
						{
							"uri": "https://dummy-backend-check.onrender.com/robots.txt",
							"method": "GET",
							"param": "content-security-policy",
							"attack": "",
							"evidence": "default-src 'none'",
							"otherinfo": "The following directives either allow wildcard sources (or ancestors), are not defined, or are overly broadly defined:\nframe-ancestors, form-action\n\nThe directive(s): frame-ancestors, form-action are among the directives that do not fallback to default-src, missing/excluding them is the same as allowing anything."
						},
						{
							"uri": "https://dummy-backend-check.onrender.com/sitemap.xml",
							"method": "GET",
							"param": "content-security-policy",
							"attack": "",
							"evidence": "default-src 'none'",
							"otherinfo": "The following directives either allow wildcard sources (or ancestors), are not defined, or are overly broadly defined:\nframe-ancestors, form-action\n\nThe directive(s): frame-ancestors, form-action are among the directives that do not fallback to default-src, missing/excluding them is the same as allowing anything."
						}
					],
					"count": "4",
					"solution": "<p>Ensure that your web server, application server, load balancer, etc. is properly configured to set the Content-Security-Policy header.</p>",
					"otherinfo": "<p>The following directives either allow wildcard sources (or ancestors), are not defined, or are overly broadly defined:</p><p>frame-ancestors, form-action</p><p></p><p>The directive(s): frame-ancestors, form-action are among the directives that do not fallback to default-src, missing/excluding them is the same as allowing anything.</p>",
					"reference": "<p>https://www.w3.org/TR/CSP/</p><p>https://caniuse.com/#search=content+security+policy</p><p>https://content-security-policy.com/</p><p>https://github.com/HtmlUnit/htmlunit-csp</p><p>https://developers.google.com/web/fundamentals/security/csp#policy_applies_to_a_wide_variety_of_resources</p>",
					"cweid": "693",
					"wascid": "15",
					"sourceid": "6"
				},
				{
					"pluginid": "10098",
					"alertRef": "10098",
					"alert": "Cross-Domain Misconfiguration",
					"name": "Cross-Domain Misconfiguration",
					"riskcode": "2",
					"confidence": "2",
					"riskdesc": "Medium (Medium)",
					"desc": "<p>Web browser data loading may be possible, due to a Cross Origin Resource Sharing (CORS) misconfiguration on the web server.</p>",
					"instances":[ 
						{
							"uri": "https://dummy-backend-check.onrender.com/",
							"method": "GET",
							"param": "",
							"attack": "",
							"evidence": "Access-Control-Allow-Origin: *",
							"otherinfo": "The CORS misconfiguration on the web server permits cross-domain read requests from arbitrary third party domains, using unauthenticated APIs on this domain. Web browser implementations do not permit arbitrary third parties to read the response from authenticated APIs, however. This reduces the risk somewhat. This misconfiguration could be used by an attacker to access data that is available in an unauthenticated manner, but which uses some other form of security, such as IP address white-listing."
						},
						{
							"uri": "https://dummy-backend-check.onrender.com/me",
							"method": "GET",
							"param": "",
							"attack": "",
							"evidence": "Access-Control-Allow-Origin: *",
							"otherinfo": "The CORS misconfiguration on the web server permits cross-domain read requests from arbitrary third party domains, using unauthenticated APIs on this domain. Web browser implementations do not permit arbitrary third parties to read the response from authenticated APIs, however. This reduces the risk somewhat. This misconfiguration could be used by an attacker to access data that is available in an unauthenticated manner, but which uses some other form of security, such as IP address white-listing."
						},
						{
							"uri": "https://dummy-backend-check.onrender.com/robots.txt",
							"method": "GET",
							"param": "",
							"attack": "",
							"evidence": "Access-Control-Allow-Origin: *",
							"otherinfo": "The CORS misconfiguration on the web server permits cross-domain read requests from arbitrary third party domains, using unauthenticated APIs on this domain. Web browser implementations do not permit arbitrary third parties to read the response from authenticated APIs, however. This reduces the risk somewhat. This misconfiguration could be used by an attacker to access data that is available in an unauthenticated manner, but which uses some other form of security, such as IP address white-listing."
						},
						{
							"uri": "https://dummy-backend-check.onrender.com/sitemap.xml",
							"method": "GET",
							"param": "",
							"attack": "",
							"evidence": "Access-Control-Allow-Origin: *",
							"otherinfo": "The CORS misconfiguration on the web server permits cross-domain read requests from arbitrary third party domains, using unauthenticated APIs on this domain. Web browser implementations do not permit arbitrary third parties to read the response from authenticated APIs, however. This reduces the risk somewhat. This misconfiguration could be used by an attacker to access data that is available in an unauthenticated manner, but which uses some other form of security, such as IP address white-listing."
						}
					],
					"count": "4",
					"solution": "<p>Ensure that sensitive data is not available in an unauthenticated manner (using IP address white-listing, for instance).</p><p>Configure the \"Access-Control-Allow-Origin\" HTTP header to a more restrictive set of domains, or remove all CORS headers entirely, to allow the web browser to enforce the Same Origin Policy (SOP) in a more restrictive manner.</p>",
					"otherinfo": "<p>The CORS misconfiguration on the web server permits cross-domain read requests from arbitrary third party domains, using unauthenticated APIs on this domain. Web browser implementations do not permit arbitrary third parties to read the response from authenticated APIs, however. This reduces the risk somewhat. This misconfiguration could be used by an attacker to access data that is available in an unauthenticated manner, but which uses some other form of security, such as IP address white-listing.</p>",
					"reference": "<p>https://vulncat.fortify.com/en/detail?id=desc.config.dotnet.html5_overly_permissive_cors_policy</p>",
					"cweid": "264",
					"wascid": "14",
					"sourceid": "6"
				},
				{
					"pluginid": "40025",
					"alertRef": "40025",
					"alert": "Proxy Disclosure",
					"name": "Proxy Disclosure",
					"riskcode": "2",
					"confidence": "2",
					"riskdesc": "Medium (Medium)",
					"desc": "<p>1 proxy server(s) were detected or fingerprinted. This information helps a potential attacker to determine</p><p>- A list of targets for an attack against the application.</p><p> - Potential vulnerabilities on the proxy servers that service the application.</p><p> - The presence or absence of any proxy-based components that might cause attacks against the application to be detected, prevented, or mitigated.</p>",
					"instances":[ 
						{
							"uri": "https://dummy-backend-check.onrender.com",
							"method": "GET",
							"param": "",
							"attack": "TRACE, OPTIONS methods with 'Max-Forwards' header. TRACK method.",
							"evidence": "",
							"otherinfo": "Using the TRACE, OPTIONS, and TRACK methods, the following proxy servers have been identified between ZAP and the application/web server:\n- cloudflare\nThe following web/application server has been identified:\n- cloudflare[Express]\n"
						},
						{
							"uri": "https://dummy-backend-check.onrender.com/",
							"method": "GET",
							"param": "",
							"attack": "TRACE, OPTIONS methods with 'Max-Forwards' header. TRACK method.",
							"evidence": "",
							"otherinfo": "Using the TRACE, OPTIONS, and TRACK methods, the following proxy servers have been identified between ZAP and the application/web server:\n- cloudflare\nThe following web/application server has been identified:\n- cloudflare[Express]\n"
						},
						{
							"uri": "https://dummy-backend-check.onrender.com/me",
							"method": "GET",
							"param": "",
							"attack": "TRACE, OPTIONS methods with 'Max-Forwards' header. TRACK method.",
							"evidence": "",
							"otherinfo": "Using the TRACE, OPTIONS, and TRACK methods, the following proxy servers have been identified between ZAP and the application/web server:\n- cloudflare\nThe following web/application server has been identified:\n- cloudflare[Express]\n"
						},
						{
							"uri": "https://dummy-backend-check.onrender.com/robots.txt",
							"method": "GET",
							"param": "",
							"attack": "TRACE, OPTIONS methods with 'Max-Forwards' header. TRACK method.",
							"evidence": "",
							"otherinfo": "Using the TRACE, OPTIONS, and TRACK methods, the following proxy servers have been identified between ZAP and the application/web server:\n- cloudflare\nThe following web/application server has been identified:\n- cloudflare[Express]\n"
						},
						{
							"uri": "https://dummy-backend-check.onrender.com/sitemap.xml",
							"method": "GET",
							"param": "",
							"attack": "TRACE, OPTIONS methods with 'Max-Forwards' header. TRACK method.",
							"evidence": "",
							"otherinfo": "Using the TRACE, OPTIONS, and TRACK methods, the following proxy servers have been identified between ZAP and the application/web server:\n- cloudflare\nThe following web/application server has been identified:\n- cloudflare[Express]\n"
						}
					],
					"count": "5",
					"solution": "<p>Disable the 'TRACE' method on the proxy servers, as well as the origin web/application server.</p><p>Disable the 'OPTIONS' method on the proxy servers, as well as the origin web/application server, if it is not required for other purposes, such as 'CORS' (Cross Origin Resource Sharing).</p><p>Configure the web and application servers with custom error pages, to prevent 'fingerprintable' product-specific error pages being leaked to the user in the event of HTTP errors, such as 'TRACK' requests for non-existent pages.</p><p>Configure all proxies, application servers, and web servers to prevent disclosure of the technology and version information in the 'Server' and 'X-Powered-By' HTTP response headers.</p><p></p>",
					"otherinfo": "<p>Using the TRACE, OPTIONS, and TRACK methods, the following proxy servers have been identified between ZAP and the application/web server:</p><p>- cloudflare</p><p>The following web/application server has been identified:</p><p>- cloudflare[Express]</p><p></p>",
					"reference": "<p>https://tools.ietf.org/html/rfc7231#section-5.1.2</p>",
					"cweid": "200",
					"wascid": "45",
					"sourceid": "314"
				},
				{
					"pluginid": "10063",
					"alertRef": "10063-1",
					"alert": "Permissions Policy Header Not Set",
					"name": "Permissions Policy Header Not Set",
					"riskcode": "1",
					"confidence": "2",
					"riskdesc": "Low (Medium)",
					"desc": "<p>Permissions Policy Header is an added layer of security that helps to restrict from unauthorized access or usage of browser/client features by web resources. This policy ensures the user privacy by limiting or specifying the features of the browsers can be used by the web resources. Permissions Policy provides a set of standard HTTP headers that allow website owners to limit which features of browsers can be used by the page such as camera, microphone, location, full screen etc.</p>",
					"instances":[ 
						{
							"uri": "https://dummy-backend-check.onrender.com/",
							"method": "GET",
							"param": "",
							"attack": "",
							"evidence": "",
							"otherinfo": ""
						},
						{
							"uri": "https://dummy-backend-check.onrender.com/me",
							"method": "GET",
							"param": "",
							"attack": "",
							"evidence": "",
							"otherinfo": ""
						},
						{
							"uri": "https://dummy-backend-check.onrender.com/robots.txt",
							"method": "GET",
							"param": "",
							"attack": "",
							"evidence": "",
							"otherinfo": ""
						},
						{
							"uri": "https://dummy-backend-check.onrender.com/sitemap.xml",
							"method": "GET",
							"param": "",
							"attack": "",
							"evidence": "",
							"otherinfo": ""
						}
					],
					"count": "4",
					"solution": "<p>Ensure that your web server, application server, load balancer, etc. is configured to set the Permissions-Policy header.</p>",
					"otherinfo": "",
					"reference": "<p>https://developer.mozilla.org/en-US/docs/Web/HTTP/Headers/Permissions-Policy</p><p>https://developer.chrome.com/blog/feature-policy/</p><p>https://scotthelme.co.uk/a-new-security-header-feature-policy/</p><p>https://w3c.github.io/webappsec-feature-policy/</p><p>https://www.smashingmagazine.com/2018/12/feature-policy/</p>",
					"cweid": "693",
					"wascid": "15",
					"sourceid": "6"
				},
				{
					"pluginid": "10037",
					"alertRef": "10037",
					"alert": "Server Leaks Information via \"X-Powered-By\" HTTP Response Header Field(s)",
					"name": "Server Leaks Information via \"X-Powered-By\" HTTP Response Header Field(s)",
					"riskcode": "1",
					"confidence": "2",
					"riskdesc": "Low (Medium)",
					"desc": "<p>The web/application server is leaking information via one or more \"X-Powered-By\" HTTP response headers. Access to such information may facilitate attackers identifying other frameworks/components your web application is reliant upon and the vulnerabilities such components may be subject to.</p>",
					"instances":[ 
						{
							"uri": "https://dummy-backend-check.onrender.com/",
							"method": "GET",
							"param": "",
							"attack": "",
							"evidence": "x-powered-by: Express",
							"otherinfo": ""
						},
						{
							"uri": "https://dummy-backend-check.onrender.com/me",
							"method": "GET",
							"param": "",
							"attack": "",
							"evidence": "x-powered-by: Express",
							"otherinfo": ""
						},
						{
							"uri": "https://dummy-backend-check.onrender.com/robots.txt",
							"method": "GET",
							"param": "",
							"attack": "",
							"evidence": "x-powered-by: Express",
							"otherinfo": ""
						},
						{
							"uri": "https://dummy-backend-check.onrender.com/sitemap.xml",
							"method": "GET",
							"param": "",
							"attack": "",
							"evidence": "x-powered-by: Express",
							"otherinfo": ""
						}
					],
					"count": "4",
					"solution": "<p>Ensure that your web server, application server, load balancer, etc. is configured to suppress \"X-Powered-By\" headers.</p>",
					"otherinfo": "",
					"reference": "<p>https://owasp.org/www-project-web-security-testing-guide/v42/4-Web_Application_Security_Testing/01-Information_Gathering/08-Fingerprint_Web_Application_Framework</p><p>https://www.troyhunt.com/2012/02/shhh-dont-let-your-response-headers.html</p>",
					"cweid": "200",
					"wascid": "13",
					"sourceid": "6"
				},
				{
					"pluginid": "10035",
					"alertRef": "10035-1",
					"alert": "Strict-Transport-Security Header Not Set",
					"name": "Strict-Transport-Security Header Not Set",
					"riskcode": "1",
					"confidence": "3",
					"riskdesc": "Low (High)",
					"desc": "<p>HTTP Strict Transport Security (HSTS) is a web security policy mechanism whereby a web server declares that complying user agents (such as a web browser) are to interact with it using only secure HTTPS connections (i.e. HTTP layered over TLS/SSL). HSTS is an IETF standards track protocol and is specified in RFC 6797.</p>",
					"instances":[ 
						{
							"uri": "https://dummy-backend-check.onrender.com/",
							"method": "GET",
							"param": "",
							"attack": "",
							"evidence": "",
							"otherinfo": ""
						},
						{
							"uri": "https://dummy-backend-check.onrender.com/me",
							"method": "GET",
							"param": "",
							"attack": "",
							"evidence": "",
							"otherinfo": ""
						},
						{
							"uri": "https://dummy-backend-check.onrender.com/robots.txt",
							"method": "GET",
							"param": "",
							"attack": "",
							"evidence": "",
							"otherinfo": ""
						},
						{
							"uri": "https://dummy-backend-check.onrender.com/sitemap.xml",
							"method": "GET",
							"param": "",
							"attack": "",
							"evidence": "",
							"otherinfo": ""
						}
					],
					"count": "4",
					"solution": "<p>Ensure that your web server, application server, load balancer, etc. is configured to enforce Strict-Transport-Security.</p>",
					"otherinfo": "",
					"reference": "<p>https://cheatsheetseries.owasp.org/cheatsheets/HTTP_Strict_Transport_Security_Cheat_Sheet.html</p><p>https://owasp.org/www-community/Security_Headers</p><p>https://en.wikipedia.org/wiki/HTTP_Strict_Transport_Security</p><p>https://caniuse.com/stricttransportsecurity</p><p>https://datatracker.ietf.org/doc/html/rfc6797</p>",
					"cweid": "319",
					"wascid": "15",
					"sourceid": "6"
				},
				{
					"pluginid": "10049",
					"alertRef": "10049",
					"alert": "Storable and Cacheable Content",
					"name": "Storable and Cacheable Content",
					"riskcode": "0",
					"confidence": "2",
					"riskdesc": "Informational (Medium)",
					"desc": "<p>The response contents are storable by caching components such as proxy servers, and may be retrieved directly from the cache, rather than from the origin server by the caching servers, in response to similar requests from other users. If the response data is sensitive, personal or user-specific, this may result in sensitive information being leaked. In some cases, this may even result in a user gaining complete control of the session of another user, depending on the configuration of the caching components in use in their environment. This is primarily an issue where \"shared\" caching servers such as \"proxy\" caches are configured on the local network. This configuration is typically found in corporate or educational environments, for instance.</p>",
					"instances":[ 
						{
							"uri": "https://dummy-backend-check.onrender.com/",
							"method": "GET",
							"param": "",
							"attack": "",
							"evidence": "",
							"otherinfo": "In the absence of an explicitly specified caching lifetime directive in the response, a liberal lifetime heuristic of 1 year was assumed. This is permitted by rfc7234."
						},
						{
							"uri": "https://dummy-backend-check.onrender.com/me",
							"method": "GET",
							"param": "",
							"attack": "",
							"evidence": "",
							"otherinfo": "In the absence of an explicitly specified caching lifetime directive in the response, a liberal lifetime heuristic of 1 year was assumed. This is permitted by rfc7234."
						},
						{
							"uri": "https://dummy-backend-check.onrender.com/robots.txt",
							"method": "GET",
							"param": "",
							"attack": "",
							"evidence": "",
							"otherinfo": "In the absence of an explicitly specified caching lifetime directive in the response, a liberal lifetime heuristic of 1 year was assumed. This is permitted by rfc7234."
						},
						{
							"uri": "https://dummy-backend-check.onrender.com/sitemap.xml",
							"method": "GET",
							"param": "",
							"attack": "",
							"evidence": "",
							"otherinfo": "In the absence of an explicitly specified caching lifetime directive in the response, a liberal lifetime heuristic of 1 year was assumed. This is permitted by rfc7234."
						}
					],
					"count": "4",
					"solution": "<p>Validate that the response does not contain sensitive, personal or user-specific information. If it does, consider the use of the following HTTP response headers, to limit, or prevent the content being stored and retrieved from the cache by another user:</p><p>Cache-Control: no-cache, no-store, must-revalidate, private</p><p>Pragma: no-cache</p><p>Expires: 0</p><p>This configuration directs both HTTP 1.0 and HTTP 1.1 compliant caching servers to not store the response, and to not retrieve the response (without validation) from the cache, in response to a similar request.</p>",
					"otherinfo": "<p>In the absence of an explicitly specified caching lifetime directive in the response, a liberal lifetime heuristic of 1 year was assumed. This is permitted by rfc7234.</p>",
					"reference": "<p>https://datatracker.ietf.org/doc/html/rfc7234</p><p>https://datatracker.ietf.org/doc/html/rfc7231</p><p>https://www.w3.org/Protocols/rfc2616/rfc2616-sec13.html</p>",
					"cweid": "524",
					"wascid": "13",
					"sourceid": "6"
				}
			]
		}
	]
}
